ID,CoasterName,Park,City,State,Country,Status,OpSince,OpUntil,Type,Scale,Design,Length,Height,Drop,Speed,Inversions,Vertical,Duration
4791,Oakwood Theme Park,Narberth,Pembrokeshire,Wales,United Kingdom,Operating,1987,,,,,,,,,,,
4792,PortAventura Park,Salou,Tarragona,Catalonia,Spain,Operating,1995-05-02,,,,,,,,,,,
4795,Blackpool Pleasure Beach,Blackpool,Lancashire,England,United Kingdom,Operating,1896,,,,,,,,,,,
4796,Alton Towers,Alton,Staffordshire,England,United Kingdom,Operating,1980-04-04,,,,,,,,,,,
4798,Chessington World of Adventures,Chessington,Greater London,England,United Kingdom,Operating,1931,,,,,,,,,,,
4799,Southport Pleasureland,Southport,Merseyside,England,United Kingdom,Operating,1912,,,,,,,,,,,
4800,American Adventure Theme Park,Ilkeston,Derbyshire,England,United Kingdom,Operated,1985,2006,,,,,,,,,,
4803,Drayton Manor,Drayton Bassett,Staffordshire,England,United Kingdom,Operating,1949-10-16,,,,,,,,,,,
4804,Flamingo Land,Malton,North Yorkshire,England,United Kingdom,Operating,1959,,,,,,,,,,,
4808,Wicksteed Park,Kettering,Northamptonshire,England,United Kingdom,Operating,1921,,,,,,,,,,,
4809,West Midland Safari Park,Bewdley,Worcestershire,England,United Kingdom,Operating,1973-04-17,,,,,,,,,,,
4811,Clarence Pier,Portsmouth,Hampshire,England,United Kingdom,Operating,1938,,,,,,,,,,,
4812,Fantasy Island,Ingoldmells,Lincolnshire,England,United Kingdom,Operating,1995,,,,,,,,,,,
4813,Legoland Windsor,Windsor,Berkshire,England,United Kingdom,Operating,1996,,,,,,,,,,,
4814,Thorpe Park,Chertsey,Surrey,England,United Kingdom,Operating,1979-05-24,,,,,,,,,,,
4815,Knowsley Safari,Prescot,Merseyside,England,United Kingdom,Operating,,,,,,,,,,,,
4818,Pleasurewood Hills,Lowestoft,Suffolk,England,United Kingdom,Operating,1983,,,,,,,,,,,
4821,Funland Park,Folkestone,Kent,England,United Kingdom,Operated,2003,2004,,,,,,,,,,
4822,Crealy Adventure Park,Exeter,Devon,England,United Kingdom,Operating,1989,,,,,,,,,,,
4823,Gulliver's Warrington,Warrington,Cheshire ,England,United Kingdom,Operating,1989,,,,,,,,,,,
4824,Gulliver's Matlock Bath,Matlock,Derbyshire,England,United Kingdom,Operating,1978,,,,,,,,,,,
4825,Gulliver's Milton Keynes,Milton Keynes,Buckinghamshire,England,United Kingdom,Operating,1999,,,,,,,,,,,
4826,Dreamland,Margate,Kent,England,United Kingdom,Operating,1863,,,,,,,,,,,
4827,Frontierland Family Theme Park,Morecambe,Lancashire,England,United Kingdom,Operated,,,,,,,,,,,,
4828,Joyland Childrens Fun Park,Great Yarmouth,Norfolk,England,United Kingdom,Operating,1949,,,,,,,,,,,
4829,Spanish City Amusement Park,Whitley Bay,Tyne and Wear,England,United Kingdom,Operated,1899,2000,,,,,,,,,,
4830,Seaburn Fun Park,Sunderland,Tyne and Wear,England,United Kingdom,Operated,,,,,,,,,,,,
4836,Adventure Island,Southend On Sea,Essex,England,United Kingdom,Operating,1918,,,,,,,,,,,
4837,New MetroLand,Gateshead,Tyne and Wear,England,United Kingdom,Operated,1988-02,2008-04-20,,,,,,,,,,
4845,Hafan y Môr Holiday Park,Pwllheli,Gwynedd,Wales,United Kingdom,Operating,1947-03-29,,,,,,,,,,,
4846,Bobbejaanland,Lichtaart,Antwerp,Flemish Region,Belgium,Operating,1961-12-31,,,,,,,,,,,
4847,Walibi Belgium,Wavre,Walloon Brabant,Wallonia,Belgium,Operating,1975-07-26,,,,,,,,,,,
4848,Bellewaerde,Ypres,West Flanders,Flemish Region,Belgium,Operating,1954-07-03,,,,,,,,,,,
4849,Plopsa Coo,Stavelot,Liège,Wallonia,Belgium,Operating,1976,,,,,,,,,,,
4850,Plopsaland De Panne,Adinkerke-De Panne,West Flanders,Flemish Region,Belgium,Operating,1935,,,,,,,,,,,
4851,Boudewijn Seapark,Bruges,West Flanders,Flemish Region,Belgium,Operating,1963,,,,,,,,,,,
4862,Brean Theme Park,Brean,Somerset,England,United Kingdom,Operating,1970,,,,,,,,,,,
4863,Harbour Park,Littlehampton,West Sussex,England,United Kingdom,Operating,1932,,,,,,,,,,,
4867,Isla Mágica,Seville,Seville,Andalusia,Spain,Operating,1997-06-28,,,,,,,,,,,
4914,Loudoun Castle,Galston,East Ayrshire,Scotland,United Kingdom,SBNO,,2011,,,,,,,,,,
4928,Parque de Atracciones de Madrid,Madrid,Madrid,Community of Madrid,Spain,Operating,1969-05-15,,,,,,,,,,,
4963,Kobe Portopialand / 神戸ポートピアランド,Chuo,Kobe,Hyōgo,Japan,Operated,1981-03-20,2006-03-31,,,,,,,,,,
5028,Parque Warner Madrid,San Martín de la Vega,Madrid,Community of Madrid,Spain,Operating,2002-04-06,,,,,,,,,,,
5032,Craig Tara Holiday Park,Ayr,South Ayrshire,Scotland,United Kingdom,Operating,1947-05-17,,,,,,,,,,,
5166,Happy Valley / 欢乐谷,Nanshan,Shenzhen,Guangdong,China,Operating,1998-10-01,,,,,,,,,,,
5179,Higashiyama Zoo and Botanical Gardens / 東山動植物園,Chikusa,Nagoya,Aichi,Japan,Operating,,,,,,,,,,,,
5208,Window of the World / 世界之窗,Kaifu,Changsha,Hunan,China,Operating,1997-10-16,,,,,,,,,,,
5268,Dunes Leisure,Mablethorpe,Lincolnshire,England,United Kingdom,Operating,2003,,,,,,,,,,,
5277,Battersea Fun Fair,Battersea,Greater London,England,United Kingdom,Operated,,,,,,,,,,,,
5279,Hong Kong Disneyland / 迪士尼香港,Islands,New Territories,Hong Kong,China,Operating,2005-09-12,,,,,,,,,,,
5423,Wheelgate Adventure Park,Farnsfield,Nottinghamshire,England,United Kingdom,Operating,,,,,,,,,,,,
5438,Granada Studios,Manchester,Greater Manchester,England,United Kingdom,Operated,,,,,,,,,,,,
5492,Universal Studios Japan / ユニバーサル・スタジオ・ジャパン,Konohana,Osaka,Osaka,Japan,Operating,2001-03-31,,,,,,,,,,,
5534,Amazing World / 欢笑天地,Wanjiang,Dongguan,Guangdong,China,Operating,2004-10,,,,,,,,,,,
5537,Trentham,Stoke-on-Trent,Staffordshire,England,United Kingdom,Operating,,,,,,,,,,,,
5595,New Brighton Funfair,New Brighton,Merseyside,England,United Kingdom,Operating,,,,,,,,,,,,
5598,ZoetWaterPark,Oud-Heverlee,Flemish Brabant,Flemish Region,Belgium,Operating,,,,,,,,,,,,
5630,Holiday World - Wooland Fun Park,Maspalomas,Las Palmas,Canary Islands,Spain,Operating,2004,,,,,,,,,,,
5642,Adventure Wonderland,Christchurch,Dorset,England,United Kingdom,Operating,,,,,,,,,,,,
5650,Glasgow Garden Festival,Glasgow,Glasgow,Scotland,United Kingdom,Operated,,,,,,,,,,,,
5656,Chengdu Amusement Park / 成都游乐园,Chenghua,Chengdu,Sichuan,China,Operated,1986-05-01,2008-10-01,,,,,,,,,,
5657,Euro Mir,Mack Rides GmbH & Co KG,Waldkirch,Baden-Württemberg,Germany,In Production,,,,,,,,,,,,
5659,Southcoast World,Bognor Regis,West Sussex,England,United Kingdom,Operating,1960-06-02,,,,,,,,,,,
5660,Butlins,Skegness,Lincolnshire,England,United Kingdom,Operating,1936-04-11,,,,,,,,,,,
5696,Atlas Park,Clacton-on-sea,Essex,England,United Kingdom,Operated,1938-06-11,1984,,,,,,,,,,
5698,Plopsa Indoor Hasselt,Hasselt,Limburg,Flemish Region,Belgium,Operating,2005-12-24,,,,,,,,,,,
5758,Aqua Park / アクアパーク,Takanawa,Minato,Tokyo,Japan,Operating,2005-04-08,,,,,,,,,,,
5889,Aliba City,Nishi,Kobe,Hyōgo,Japan,Operated,1992,1997-11-30,,,,,,,,,,
5904,Chimelong Paradise / 长隆欢乐世界,Panyu,Guangzhou,Guangdong,China,Operating,2006-02,,,,,,,,,,,
5913,Ffrith Beach Fun Parc,Prestatyn,Denbighshire,Wales,United Kingdom,Operated,2008,2009,,,,,,,,,,
5917,Harborland / 凤凰山海港乐园,Beilun,Ningbo,Zhejiang,China,Operated,2006-01-18,2019-10-15,,,,,,,,,,
5938,Glücks Königreich,Obihiro,Tokachi,Hokkaido,Japan,SBNO,,2002,,,,,,,,,,
5962,Golden Palm Resort,Chapel St. Leonards,Lincolnshire,England,United Kingdom,Operating,,,,,,,,,,,,
5975,Hangzhou Paradise / 宋城杭州乐园,Xiaoshan,Hangzhou,Zhejiang,China,Operating,1999-04-25,,,,,,,,,,,
5986,Big Worm / 大青虫,Tianjia'an,Huainan,Anhui,China,Operating,2009,,Steel,Family,Sit Down,721.8,,,9.9,0,,
6047,Mosa-RT,Maaseik,Limburg,Flemish Region,Belgium,Operating,,,,,,,,,,,,
6129,Clifton Park Amusements,Rotherham,South Yorkshire,England,United Kingdom,Operating,2003,,,,,,,,,,,
6134,Bayside Fun Park,Bridlington,East Riding of Yorkshire,England,United Kingdom,Operating,,,,,,,,,,,,
6253,Happy Valley / 欢乐谷,Jinniu,Chengdu,Sichuan,China,Operating,2009-01-17,,,,,,,,,,,
6254,Fantawild Adventure / 方特欢乐世界,Jinghu,Wuhu,Anhui,China,Operating,2007-10-18,,,,,,,,,,,
6282,Sandham Raceway,Sandown,Isle of Wight,England,United Kingdom,Operating,2007,,,,,,,,,,,
6321,Happiland,Southport,Merseyside,England,United Kingdom,Operated,,,,,,,,,,,,
6337,Powerland,Chengyang,Qingdao,Shandong,China,SBNO,,2013,,,,,,,,,,
6361,Lost World Adventure Park,Skegness,Lincolnshire,England,United Kingdom,Operated,,,,,,,,,,,,
6415,unknown,King Fahd Amusement Park,Ta'if,Makkah,Saudi Arabia,Operating,2004,,Steel,Family,Sit Down,,,,,0,,
6418,Crazy Mouse / 丛林飞鼠,Changping,Dongguan,Guangdong,China,Operating,2010,,Steel,Thrill,Sit Down,,,,,0,,
6419,unknown,Rongcheng,Jieyang,Guangdong,China,Operating,2008,,Steel,Family,Sit Down,,,,,0,,
6420,Roller Coaster / Американские Горки,City Park,Tomsk,Tomsk,Russia,Operated,2006,2017,Steel,Family,Sit Down,,,,,0,,
6425,unknown,King Fahd Amusement Park,Ta'if,Makkah,Saudi Arabia,Operating,2004,,Steel,Thrill,Sit Down,,,,,0,,
6426,Russian Mountain,Beirut Luna Park,Beirut,Beirut,Lebanon,Operated,,,Steel,Family,Sit Down,,,,,0,,
6428,Tiger Mike Roller Coaster,Timezone,Tangerang,West Java,Indonesia,Operated,,,Steel,Kiddie,Sit Down,,,,,0,,
6429,African Thunder Coaster,Fun World,Tangerang,West Java,Indonesia,Operating,2013-03-25,,Steel,Family,Sit Down,,,,,0,,
6430,Family Coaster / 家庭过山车,Suyu,Suqian,Jiangsu,China,Operating,2013-07-06,,Steel,Family,Sit Down,,,,,0,,
6433,unknown,Dream Land,Phnom Penh,Phnom Penh,Cambodia,Operated,,,Steel,Family,Sit Down,,,,,0,,
6438,Jumbo Jet,Dreamland,Minsk,Minsk,Belarus,Operated,2010,2014,Steel,Thrill,Sit Down,,,,,0,,
6441,unknown,Six Gun Territory,Willow Grove,Pennsylvania,United States,Operated,,,Steel,Kiddie,Sit Down,,,,,0,,
6443,Gusanito,Unipark,Santa Rosa de Copán,Copán,Honduras,Operating,2007,,Steel,Kiddie,Sit Down,,,,,0,,
6446,unknown,Jangali Park,Urmia,West Azerbaijan,Iran,Operating,2005,,Steel,Family,Sit Down,,,,,0,,
6449,Fruit Worm Coaster / 果虫滑车,Loca Joy Holiday Theme Park,Yongchuan,Chongqing,China,Operating,2013-04-26,,Steel,Kiddie,Sit Down,,,,,0,,
6451,Chimelong Safari Park / 长隆野生动物世界,Panyu,Guangzhou,Guangdong,China,Operating,,,,,,,,,,,,
6452,Python Roller Coaster,Party Zone USA,Middletown,New York,United States,Operated,2011,2017,Steel,Family,Sit Down,,,,,0,,
6453,Gekion Live Coaster / 撃音 ライブ コースター,Odaiba,Minato,Tokyo,Japan,Operating,2012-07-14,,Steel,Extreme,Sit Down,984.3,16.4,,23.6,1,,
6457,unknown,Magicland,Abuja,Federal Capital Territory,Nigeria,Operating,2007,,Steel,Family,Sit Down,,,,,0,,
6458,unknown,Happy Land,Jaramana,Rif Dimashq,Syria,Operating,2000,,Steel,Family,Sit Down,,,,,0,,
6459,unknown,Maitama Amusement Park,Abuja,Federal Capital Territory,Nigeria,Operating,2003,,Steel,Kiddie,Sit Down,,,,,0,,
6461,Menphis Coaster,Europark,Vias,Occitanie,France,Operating,2013,,Steel,Thrill,Sit Down,1017.1,36.1,,20.7,0,,2:00
6468,Jungle Flying Squirrel / 丛林飞鼠,Chang'an,Dongguan,Guangdong,China,Operated,,,Steel,Thrill,Sit Down,,,,,0,,
6473,Achtbaan,Speelpark Oud Valkeveen,Naarden,North Holland,Netherlands,Operated,2013-03-23,2018,Steel,Family,Sit Down,721.8,16.4,,,0,,
6478,Rainier Rush,Washington State Fair,Puyallup,Washington,United States,Operated,2013,2019,Steel,Extreme,Sit Down,1775,63,,45,1,,
6481,Twist Coaster Robin / ツイストコースター　ロビン,Yomiuriland,Inagi,Tokyo,Japan,Operated,,,Steel,Extreme,Sit Down,1026.9,62.3,,38.5,2,93,
6488,Wild Mouse,Kaydeross Park,Saratoga Springs,New York,United States,Operated,1967,1973,Steel,Thrill,Sit Down,,,,,0,,
6489,Magic Ring Vertical Coaster / 魔环垂直过山车,Shunde,Foshan,Guangdong,China,Operating,2013-10-31,,Steel,Extreme,Sit Down,590.6,151.6,,65.3,2,,
6492,unknown,Sea Star Park,Jinzhou,Liaoning,China,Operating,2013-05-01,,Steel,Extreme,Sit Down,,,,,1,,
6493,Spinning Coaster / 自旋滑车,Gucun Park,Baoshan,Shanghai,China,Operated,,,Steel,Thrill,Sit Down,,,,,0,,
6494,Motor Coaster / 极速飙车,Penglai,Yantai,Shandong,China,Operating,2013-08-11,,Steel,Thrill,Sit Down,,,,,0,,
6495,Minnie Mouse / Минни Маус,Central Park,Krasnoyarsk,Krasnoyarsk,Russia,Operating,2011,,Steel,Family,Sit Down,,,,,0,,
6496,Rutschebanen,Tivoli Gardens,Copenhagen,Sjælland,Denmark,Operated,1902,1914,Wood,,Sit Down,,,,,0,,
6498,unknown,Jiashan,Jiaxing,Zhejiang,China,Operating,2010,,Steel,Family,Sit Down,,,,,0,,
6502,unknown,Funland Park,San Angelo,Texas,United States,Operated,1991,1991,Steel,Kiddie,Sit Down,,,,,0,,
6503,Montanha Mágica,Magikland,Penafiel,Porto,Portugal,Operating,2010,,Steel,Family,Sit Down,1312.3,49.3,,,0,,
6506,Gliding Dragon / 滑行龙,Huangxing Park,Yangpu,Shanghai,China,Operated,,,Steel,Family,Sit Down,,,,,0,,
6507,Crocodile Coaster,Narberth,Pembrokeshire,Wales,United Kingdom,Operating,2013-05-25,,Steel,Kiddie,Sit Down,,,,,0,,
6511,Speed,Leolandia,Capriate San Gervasio,Lombardy,Italy,Operated,,,Steel,Extreme,Sit Down,,,,,1,,
6512,Shenzhou Surfing / 神舟冲浪,Licheng,Jinan,Shandong,China,Operating,2011,,Steel,Family,Sit Down,,,,,0,,
6513,unknown,Castelinho Kids Buffet,Santos,São Paulo,Brazil,Operated,,,Steel,Family,Sit Down,,,,,0,,
6516,Fruit Worm Coaster / 果虫滑车,Yiyuan Park,Shunyi,Beijing,China,Operating,2013,,Steel,Kiddie,Sit Down,,,,,0,,
6517,unknown,Orchard Park,Kassala,Kassala,Sudan,Operating,2003,,Steel,Family,Sit Down,,,,,0,,
6519,Wild Mouse,Orange County Fairgrounds,Middletown,New York,United States,Operated,1965,1960,Steel,Thrill,Sit Down,,,,,0,,
6521,unknown,Daqing Oilfield Paradise,Daqing,Heilongjiang,China,Operated,,,Steel,Family,Sit Down,,,,,0,,
6524,Outer Space Flying Car / 太空飛車,Wuhou,Chengdu,Sichuan,China,Operating,2002,,Steel,Family,Sit Down,,,,,0,,
6527,Space Car / 宇宙飞车,Licheng,Jinan,Shandong,China,Operated,,,Steel,Extreme,Sit Down,,,,,1,,
6528,Crazy Mouse / 疯狂老鼠,Wujiang,Suzhou,Jiangsu,China,Operating,2012-03,,Steel,Thrill,Sit Down,,,,,0,,
6530,unknown,Fenggang,Dongguan,Guangdong,China,Operated,,,Steel,Family,Sit Down,,,,,0,,
6532,Roller Coaster,Playground Varna,Varna,Varna,Bulgaria,Operated,,,Steel,Extreme,Sit Down,1197.5,36.1,,,1,,
6534,Dragon Coaster,Sindbad's Wonderland,Karachi,Sindh,Pakistan,Operating,2000,,Steel,Family,Sit Down,,,,,0,,
6536,Bandit Bomber,Yas Waterworld,Abu Dhabi,Abu Dhabi,United Arab Emirates,Operating,2013-01-20,,Steel,Family,Inverted,1689.7,75.5,,31.1,0,,
6539,Skate Board,Eram Park,Tehran,Tehran,Iran,Operating,2013,,Steel,Thrill,Sit Down,,,,,0,,
6542,Crazy Caterpillar,Bridlington,East Riding of Yorkshire,England,United Kingdom,Operating,2012,,Steel,Family,Sit Down,,,,,0,,
6544,Gliding Dragon / 滑行龙,Hanjiang,Yangzhou,Jiangsu,China,Operated,,,Steel,Family,Sit Down,,,,,0,,
6545,Gliding Dragon / 滑行龙 / Huá Xíng Lóng,Fenggang,Dongguan,Guangdong,China,Operated,2010,2017,Steel,Family,Sit Down,,,,,0,,
6546,Flying Fish,Chertsey,Surrey,England,United Kingdom,Operated,1983,2004-10-31,Steel,Family,Sit Down,767.8,20.7,,18.8,0,,
6548,Meteor Roller Coaster / 流星过山车,Wenjiang,Chengdu,Sichuan,China,Operated,,,Steel,Family,Sit Down,,,,,0,,
6549,Roller Coaster / 过山车,Hanjiang,Yangzhou,Jiangsu,China,Operated,2011-12,2019,Steel,Extreme,Sit Down,,,,,2,,
6551,unknown,Kindergarten Amusement Park,Riyadh,Ar Riyadh,Saudi Arabia,Operated,,,Steel,Family,Sit Down,,,,,0,,
6552,unknown,Swings-N-Things Family Fun Park,Olmsted Township,Ohio,United States,Operated,1987,2002,Steel,Kiddie,Sit Down,,,,,0,,
6553,Baby Roller Coaster / 宝贝过山车,Wenjiang,Chengdu,Sichuan,China,Operated,2013-04-26,2014,Steel,Family,Sit Down,262.5,13.1,,,0,,
6554,Spinning Coaster / 疯狂战车,Lianjiang,Fuzhou,Fujian,China,Operating,2013-10-01,,Steel,Thrill,Sit Down,,,,,0,,
6557,unknown,Kindergarten Amusement Park,Riyadh,Ar Riyadh,Saudi Arabia,Operated,,,Steel,Family,Sit Down,,,,,0,,
6563,unknown,Haizhu,Guangzhou,Guangdong,China,Operated,,,Steel,Thrill,Sit Down,,,,,0,,
6566,Spinning Coaster / 自旋滑车,Xiashan,Zhanjiang,Guangdong,China,Operating,2012,,Steel,Thrill,Sit Down,,,,,0,,
6568,Slide the Dragon / 滑行龙,Daiyue,Tai'an,Shandong,China,Operated,,,Steel,Family,Sit Down,,,,,0,,
6569,Golden Dragon Roller Coaster / 金龙滑车,Pingjiang,Suzhou,Jiangsu,China,Operating,2003,,Steel,Family,Sit Down,623.3,,,,0,,
6572,Wacky Worm,Parque Infantil Sonora,Hermosillo,Sonora,Mexico,Operating,2007,,Steel,Family,Sit Down,,,,,0,,
6573,Zhongnan Baicao Field / 中南百草原,Anji,Huzhou,Zhejiang,China,Operating,2001,,,,,,,,,,,
6574,Bullet,Selva Mágica,Guadalajara,Jalisco,Mexico,Operating,2013-12-20,,Steel,Extreme,Sit Down,,131,,50,1,,
6576,Virginia Reel,Revere Beach,Revere,Massachusetts,United States,Operated,1925,1970,Wood,,Sit Down,,,,,0,,
6577,Scenic Railway,Mt. Gretna Park,Mount Gretna,Pennsylvania,United States,Operated,1891-06-17,1898,Wood,,Sit Down,,,,,0,,
6578,Loop the Loop,Revere Beach,Revere,Massachusetts,United States,Operated,1900,1902,Steel,Extreme,Sit Down,,,,,1,,
6580,Figure Eight,Revere Beach,Revere,Massachusetts,United States,Operated,,,Wood,,Sit Down,,,,,0,,
6581,Spinning Yacht / 冲浪旋艇,Hanjiang,Yangzhou,Jiangsu,China,Operated,,,Steel,Family,Sit Down,,,,,0,,
6582,Pine Forest Flying Mouse / 松林飞鼠,Binjiang Forest Park,Pudong,Shanghai,China,Operating,2012,,Steel,Thrill,Sit Down,,,,,0,,
6583,Grant's Russian Toboggan Slide,Greater Ontario Beach,Rochester,New York,United States,Operated,1896,1905,Wood,,Sit Down,,,,,0,,
6587,Montaña Rusa,Diverxity,Caracas,Capital District,Venezuela,Operating,2003,,Steel,Family,Sit Down,,,,,0,,
6588,unknown,Fenggang,Dongguan,Guangdong,China,Operated,,,Steel,Thrill,Sit Down,,,,,0,,
6589,unknown,Duyun,Qiannan,Guizhou,China,Operated,,,Steel,Thrill,Sit Down,,,,,0,,
6591,unknown,Fenghua,Ningbo,Zhejiang,China,Operating,2012-09-28,,Steel,Family,Sit Down,,,,,0,,
6592,unknown,Greater Ontario Beach,Rochester,New York,United States,Operated,,,Wood,,Sit Down,,,,,0,,
6593,unknown,Gayway,Seaside,Oregon,United States,Operated,1953,1953,Steel,Kiddie,Sit Down,,,,,0,,
6595,Family Coaster,Luna Park Sunny Beach,Sunny Beach,Burgas,Bulgaria,Operated,,,Steel,Family,Sit Down,,,,,0,,
6596,unknown,Bagatelle,Merlimont,Hauts-de-France,France,Operated,1969,1975,Steel,Thrill,Sit Down,,,,,0,,
6598,Gold Mine Train / 矿山车,Lianjiang,Fuzhou,Fujian,China,Operating,2013-10-01,,Steel,,Sit Down,,,,,0,,
6599,Dragon Coaster / ドラゴンコースター,Mori no Yuenchi,Noda,Chiba,Japan,Operating,2005,,Steel,Family,Sit Down,,,,,0,,
6600,unknown,Bagatelle,Merlimont,Hauts-de-France,France,Operated,1987,1987,Steel,Family,Sit Down,,,,,0,,
6601,unknown,Yizheng,Yangzhou,Jiangsu,China,Operated,,,Steel,Family,Sit Down,,,,,0,,
6605,Dragon's Run / Phi Long Thần Tốc,Dragon Park,Hạ Long,Quảng Ninh,Vietnam,Operating,2017-01-25,,Steel,Extreme,Sit Down,3738,150,,65,6,,
6606,Gliding Dragon / 滑行龙 / Huá Xíng Lóng,Zhangmutou,Dongguan,Guangdong,China,Operated,,,Steel,Family,Sit Down,,,,,0,,
6608,Dragun Wheel,Sohar Entertainment Centre,Sohar,Al Batinah North,Oman,SBNO,,2013,Steel,Family,Sit Down,,,,,0,,
6610,Spinning Coaster / 自旋滑车,Tangxia,Dongguan,Guangdong,China,Operating,2011,,Steel,Thrill,Sit Down,,,,,0,,
6611,Nessi Coaster,Sky Ranch,Tagaytay,Cavite,Philippines,Operating,2013-03-02,,Steel,Family,Sit Down,,,,,0,,
6612,Fruit Worm Coaster,Panyu,Guangzhou,Guangdong,China,Operated,,,Steel,Kiddie,Sit Down,,,,,0,,
6615,TRON Lightcycle Power Run / 创极速光轮,Shanghai Disneyland,Pudong,Shanghai,China,Operating,2016-06-16,,Steel,Thrill,Sit Down,3169.3,78.1,,59.3,0,,
6616,unknown,Yuetang,Xiangtan,Hunan,China,Operated,,,Steel,Thrill,Sit Down,,,,,0,,
6620,Arctic Cat,Crystal Beach,Crystal Beach,Ontario,Canada,Operated,,,Steel,Thrill,Sit Down,450,45,,,0,,
6622,Spinning Coaster / 自旋滑车,Changsha,Changsha,Hunan,China,Operating,2008,,Steel,Thrill,Sit Down,,,,,0,,
6623,unknown,Fengman,Jilin,Jilin,China,Operating,2013-07-26,,Steel,Extreme,Inverted,,,,,4,,
6624,Loop-the-Loop,Celoron Park,Jamestown,New York,United States,Operated,,,Steel,Extreme,Sit Down,,,,,1,,
6627,Scenic Railway,Sans Souci,Chicago,Illinois,United States,Operated,1907,1907,Wood,,Sit Down,,,,,0,,
6628,Roller Dip,Forest Park,Hanover,Pennsylvania,United States,Operated,,,Wood,,Sit Down,,,,,0,,
6629,unknown,Hetang,Zhuzhou,Hunan,China,Operated,,,Steel,Family,Sit Down,,,,,0,,
6630,Crazy Coaster,Luna Park,Melbourne,Victoria,Australia,Operated,2012,2013,Steel,Thrill,Sit Down,,,,,0,,
6631,Royal Scooter,Lake Chautauqua Park,Chautauqua,New York,United States,Operated,1885,1888,Steel,Thrill,Sit Down,500,,,,0,,
6633,unknown,Hetang,Zhuzhou,Hunan,China,Operated,,,Steel,Thrill,Sit Down,,,,,0,,
6635,Runaway Train,Northampton,Northamptonshire,England,United Kingdom,Operating,2013,,Steel,Family,Sit Down,,,,,0,,
6636,Pirates Gold Rush,Playland's Castaway Cove,Ocean City,New Jersey,United States,Operating,2013-07-29,,Steel,Family,Sit Down,,,,,0,,
6639,Bull Fight in the Sky / 高空斗牛,Daiyue,Tai'an,Shandong,China,Operating,2013-04-03,,Steel,Thrill,Sit Down,,,,,0,,
6640,Banshee,Kings Island,Mason,Ohio,United States,Operating,2014-04-18,,Steel,Extreme,Inverted,4124,167,150,68,7,,2:40
6641,Gliding Dragon / 滑行龙,Enping,Jiangmen,Guangdong,China,Operated,,,Steel,Family,Sit Down,,,,,0,,
6642,Jungle Flying Squirrel / 丛林飞鼠,Enping,Jiangmen,Guangdong,China,Operated,,,Steel,Thrill,Sit Down,,,,,0,,
6643,Golden Dragon Roller Coaster / 金龙滑车,Quanlin Resort,Zhongshan,Guangdong,China,Operated,,,Steel,Family,Sit Down,,,,,0,,
6647,Dragon,Playground Varna,Varna,Varna,Bulgaria,Operating,2012,,Steel,Family,Sit Down,,,,,0,,
6648,Children Roller Coaster,Eram Park,Tehran,Tehran,Iran,Operating,2000,,Steel,Kiddie,Sit Down,,,,,0,,
6649,Children Roller Coaster,Eram Park,Tehran,Tehran,Iran,Operating,2000,,Steel,Kiddie,Sit Down,,,,,0,,
6650,unknown,Zhengxiang,Hengyang,Hunan,China,Operating,2005,,Steel,Thrill,Sit Down,,,,,0,,
6651,Magic Frisbee / 魔法飞盘,Penglai,Yantai,Shandong,China,Operating,2013-08-11,,Steel,,Sit Down,,,,,0,,
6653,Spinning Coaster / 自旋滑车,Pukou,Nanjing,Jiangsu,China,Operated,,,Steel,Thrill,Sit Down,,,,,0,,
6654,Montañita Rusa Minera,Chicolandia,Barquisimeto,Lara,Venezuela,Operating,2011,,Steel,Kiddie,Sit Down,,,,,0,,
6655,Gliding Dragon / 滑翔龙,Xunyang,Jiujiang,Jiangxi,China,Operated,,,Steel,Family,Sit Down,,,,,0,,
6656,Spinning Coaster / 自旋滑车,Anji,Huzhou,Zhejiang,China,Operating,2010,,Steel,Thrill,Sit Down,,,,,0,,
6658,Gold Mine Town / 金矿小镇,Penglai,Yantai,Shandong,China,Operating,2013,,Steel,,Sit Down,,,,,0,,
6659,Switchback Railway,Mountain Park,Holyoke,Massachusetts,United States,Operated,1895,1900,Wood,,Sit Down,,,,,0,,
6661,Vuelta al Mundo,Esquilandia,Guatemala City,Guatemala,Guatemala,Operated,,,Steel,Thrill,Sit Down,,,,,0,,
6662,Gusanito de Esquilandia,Esquilandia,Guatemala City,Guatemala,Guatemala,Operating,2010,,Steel,Family,Sit Down,,,,,0,,
6665,Hells Angels,Casino Pier,Seaside Heights,New Jersey,United States,Operated,,,Steel,Thrill,Sit Down,,,,,0,,
6667,Flug der Dämonen,Heide Park Resort,Soltau,Lower Saxony,Germany,Operating,2014-03-29,,Steel,Extreme,Wing,2532.8,131.2,,62.1,5,,3:00
6669,Spinning Coaster / 自旋滑车,Bao'an,Shenzhen,Guangdong,China,Operating,2011,,Steel,Thrill,Sit Down,,,,,0,,
6670,Shenzhou Surfing / 神舟冲浪,Luyang,Hefei,Anhui,China,Operated,,,Steel,Family,Sit Down,,,,,0,,
6671,Green Worm Coaster / 青虫滑车,Luyang,Hefei,Anhui,China,Operating,2004,,Steel,Kiddie,Sit Down,,,,,0,,
6672,Children Coaster / 儿童过山车,Lianjiang,Fuzhou,Fujian,China,Operating,2013-10-01,,Steel,Family,Sit Down,656.2,,,12.3,0,,
6673,Gusanito,Premier Park,Tegucigalpa,Francisco Morazán,Honduras,Operating,2013,,Steel,Kiddie,Sit Down,,,,,0,,
6680,Montaña Rusa,Acuaparque de la Caña,Cali,Valle del Cauca,Colombia,Operated,2000,2018,Steel,Thrill,Sit Down,,,,,0,,
6683,unknown,Jawa Timur Park 2,Batu,East Java,Indonesia,In Storage,,,Steel,Thrill,Sit Down,1312.3,49.3,,,0,,
6684,Big Dipper,Waikiki Park,Honolulu,Hawaii,United States,Operated,1922,1930,Wood,,Sit Down,,,,,0,,
6685,unknown,Amrapali FunLand,Ahmedabad,Gujarat,India,Operating,2014-11-08,,Steel,Family,Sit Down,606.9,65.6,,37.3,0,,
6688,Gliding Dragon / 滑行龙,Licheng,Jinan,Shandong,China,Operating,2010,,Steel,Family,Sit Down,,,,,0,,
6690,Go Gator,Felixstowe,Suffolk,England,United Kingdom,Operated,,,Steel,Kiddie,Sit Down,,,,,0,,
6691,FireChaser Express,Dollywood,Pigeon Forge,Tennessee,United States,Operating,2014-03-22,,Steel,Family,Sit Down,2427,78,,34.5,0,,
6694,unknown,Cuiping,Yibin,Sichuan,China,Operating,2013-10-01,,Steel,Thrill,Sit Down,,,,,0,,
6696,Gusanito,Novapark,Tegucigalpa,Francisco Morazán,Honduras,Operating,2009,,Steel,Kiddie,Sit Down,,,,,0,,
6698,Roller Coaster,Luna Park di Tirrenia,Pisa,Tuscany,Italy,Operated,,,Steel,Thrill,Sit Down,,,,,0,,
6699,Island Roller Coaster,Seven Islands Resort,Grand Ledge,Michigan,United States,Operated,1891,1893,Wood,,Sit Down,400,20,,,0,,
6700,Jin Long Hua Che / 金龙滑车,Jinping,Shantou,Guangdong,China,Operating,2011,,Steel,Family,Sit Down,,,,,0,,
6703,Zyclone,Kigamboni,Temeke,Dar es Salaam,Tanzania,Operating,2010,,Steel,Thrill,Sit Down,,,,,0,,
6704,Magic Loop,Aventura Luna Park,Guatire,Miranda,Venezuela,Operating,2003,,Steel,Extreme,Sit Down,,,,,1,,
6706,Moto Coaster (MTC-12A) / 摩托过山车 (MTC-12A),Torch Hi-tech Industrial Development Zone,Zhongshan,Guangdong,China,In Production,,,,,,,,,,,,
6709,Cyclon,Wasalandia,Vaasa,Ostrobothnia,Finland,Operated,2013-06-08,2015,Steel,Thrill,Sit Down,1148.3,,,,0,,
6712,Family Inverted Coaster / 大洋历险,Happy Valley,Songjiang,Shanghai,China,Operating,2014-07-05,,Steel,Family,Inverted,1328.8,65.6,,30.4,0,,
6713,Floorless Coaster,Bolliger & Mabillard,Monthey,Valais,Switzerland,In Production,,,,,,,,,,,,
6715,Roller Coaster,Azadi Park,Shiraz,Fārs,Iran,Operated,,,Steel,Family,Sit Down,,,,,0,,
6716,unknown,Shore at Malacca River,Malacca City,Malacca,Malaysia,SBNO,,2005,Steel,Thrill,Sit Down,,,,,0,,
6717,Inverted Coaster,Bolliger & Mabillard,Monthey,Valais,Switzerland,In Production,,,,,,,,,,,,
6718,Aérotrain,Parc Saint Paul,Saint-Paul,Hauts-de-France,France,Operating,2014-04-12,,Steel,Family,Sit Down,721.8,36.1,,,0,,
6719,Loop Max Adrenaline,Luna Park Sunny Beach,Sunny Beach,Burgas,Bulgaria,Operating,2012,,Steel,Extreme,Sit Down,1197.5,36.1,,,1,,
6720,unknown,Aventura Luna Park,Guatire,Miranda,Venezuela,Operated,,,Steel,,Sit Down,,,,,0,,
6723,Loco Motion,Steel Pier,Atlantic City,New Jersey,United States,Operating,2013,,Steel,Family,Sit Down,,,,,0,,
6726,Whacky Mouse,Tinkertown Family Fun Park,Winnipeg,Manitoba,Canada,Operating,2012,,Steel,Family,Sit Down,,,,,0,,
6727,Corona Cobra Coaster,Fantasy Forest at the Flushing Meadows Carousel,Flushing,New York,United States,Operating,2013,,Steel,Family,Sit Down,,,,,0,,
6728,Figure Eight,Celoron Park,Jamestown,New York,United States,Operated,,,Wood,,Sit Down,,,,,0,,
6729,Gravity Railway,Celoron Park,Jamestown,New York,United States,Operated,1897,1900,Wood,Thrill,Sit Down,,,,,0,,
6732,Scenic Railway,Council Crest Park,Portland,Oregon,United States,Operated,,,Wood,,Sit Down,,,,,0,,
6734,Jet Coaster,Owabong,Purbalingga,Central Java,Indonesia,Operated,2011-12-08,2014,Steel,Family,Sit Down,,,,,0,,
6735,unknown,Yushui,Xinyu,Jiangxi,China,Operating,2012-12,,Steel,Extreme,Sit Down,,,,,2,,
6736,Sky Scream,Holiday Park,Hassloch,Rhineland-Palatinate,Germany,Operating,2014-04-12,,Steel,Extreme,Sit Down,863,150,,62,1,,0:47
6738,unknown,Wenling,Taizhou,Zhejiang,China,Operating,2010,,Steel,Thrill,Sit Down,,,,,0,,
6741,Zyclone,On Wheelz Amusement Park,Panchgani,Maharashtra,India,Operating,2005,,Steel,Thrill,Sit Down,,,,,0,,
6742,Little Dipper,Kiddieland,Toledo,Ohio,United States,Operated,1960,1960,Steel,Kiddie,Sit Down,,,,,0,,
6743,unknown,Wenling,Taizhou,Zhejiang,China,Operating,2010,,Steel,Extreme,Sit Down,,,,,3,,
6745,Jungle Explorer / 丛林探险,Dadong,Shenyang,Liaoning,China,Operating,2011-07-01,,Steel,Family,Sit Down,656.2,17.8,,12.3,0,,
6747,Star Express / 星际快车,Dadong,Shenyang,Liaoning,China,Operating,2011-07-01,,Steel,Thrill,Sit Down,,,,,0,,
6751,unknown,Cixi,Ningbo,Zhejiang,China,Operated,,,Steel,Family,Sit Down,,,,,0,,
6752,Big Bang,Freizeitpark Familienland,Sankt Jakob in Haus,Tyrol,Austria,Operating,2013-07-12,,Steel,Thrill,Sit Down,1738.8,72.2,,40.4,0,,0:38
6753,Roller Coaster / 过山车,Suxian,Chenzhou,Hunan,China,Operating,2009,,Steel,Extreme,Sit Down,1049.8,,,31.7,1,,
6755,unknown,Parque Eme,Culiacán,Sinaloa,Mexico,Operating,1989-12-20,,Steel,Kiddie,Sit Down,,,,,0,,
6759,unknown,Cixi,Ningbo,Zhejiang,China,Operated,,,Steel,Thrill,Sit Down,,,,,0,,
6760,unknown,Casper's Scare School,Eqaila,Al Ahmadi,Kuwait,Operating,2012-09-10,,Steel,Family,Sit Down,,,,,0,,
6762,unknown,Rugao,Nantong,Jiangsu,China,Operating,2004,,Steel,Family,Sit Down,,,,,0,,
6763,Nanjin Qiyuan / 南金憩园,Linzi,Zibo,Shandong,China,SBNO,,2015,,,,,,,,,,
6764,Flash / 闪电,Jingyang,Xianyang,Shaanxi,China,Operating,2016-01-01,,Steel,Extreme,Sit Down,4176.5,200.2,190.3,71.5,2,,2:08
6765,Ragin' Cajun,Six Flags America,Upper Marlboro,Maryland,United States,Operating,2014-06-21,,Steel,Thrill,Sit Down,1377.9,42.7,,29.1,0,,1:30
6766,unknown,Linzi,Zibo,Shandong,China,SBNO,,2015,Steel,Thrill,Sit Down,,,,,0,,
6769,Captain Jacks Runaway Train,Shanklin,Isle of Wight,England,United Kingdom,Operating,2013-07,,Steel,Family,Sit Down,,,,,0,,
6770,Cyclon Coaster,Didi'Land,Morsbronn-les-Bains,Grand Est,France,Operated,2014-04-12,2014-05-09,Steel,Thrill,Sit Down,,,,,0,,
6773,Gliding Dragon / 滑行龙,Shipai,Dongguan,Guangdong,China,Operating,2009,,Steel,Family,Sit Down,,,,,0,,
6774,Motor Coaster / 摩托过山车,Qihe,Dezhou,Shandong,China,Operating,2014-05-01,,Steel,Thrill,Sit Down,,,,,0,,
6775,unknown,Lakewood Park,Durham,North Carolina,United States,Operated,1902,1935,Wood,,Sit Down,,,,,0,,
6776,unknown,Daxiang,Shaoyang,Hunan,China,Operated,2012,2014,Steel,Family,Sit Down,,,,,0,,
6777,Wild Mouse,Casino Pier,Seaside Heights,New Jersey,United States,Operated,1958,1965,Steel,Thrill,Sit Down,,,,,0,,
6780,Green Worm Car / 青虫清车,Yuhu,Xiangtan,Hunan,China,Operating,2013,,Steel,Family,Sit Down,,,,,0,,
6784,Miner Mike,Gatti's Pizza,Abilene,Texas,United States,Operating,2013,,Steel,Kiddie,Sit Down,,,,,0,,
6785,Outer Space Flying Car / 太空飞车,Yuhu,Xiangtan,Hunan,China,Operating,2013,,Steel,Family,Sit Down,,,,,0,,
6787,unknown,Happyland,Chimbote,Áncash,Peru,Operating,2011,,Steel,Family,Sit Down,,,,,0,,
6791,unknown,Meghdoot Garden,Indore,Madhya Pradesh,India,Operated,2000,2013,Steel,Family,Sit Down,,,,,0,,
6792,Worm Around / 果虫滑车,Jiujiang,Wuhu,Anhui,China,Operating,2010-12-08,,Steel,Kiddie,Sit Down,,,,,0,,
6794,Blazin' Buckaroo,Elitch Gardens,Denver,Colorado,United States,Operating,2013-05-04,,Steel,Family,Sit Down,,,,,0,,
6796,Spinning Coaster / 自旋滑车,Yexian Park,Miyun,Beijing,China,SBNO,,2015,Steel,Thrill,Sit Down,,,,,0,,
6797,Chenille,Crazy Park,Dar Bouazza,Casablanca-Settat,Morocco,Operating,2006,,Steel,Family,Sit Down,,,,,0,,
6798,Speed Shuttle / 极速穿梭,Nanguan,Changchun,Jilin,China,Operating,2004,,Steel,Family,Sit Down,,,,,0,,
6799,Roller Coaster / 云霄飞车,Yexian Park,Miyun,Beijing,China,SBNO,,2013,Steel,Thrill,Sit Down,2673.9,65.6,,33.2,0,,
6803,Dive Coaster,Bolliger & Mabillard,Monthey,Valais,Switzerland,In Production,,,,,,,,,,,,
6804,Looping Roller Coaster / 翻滚过山车,Miyun International Amusement Park,Miyun,Beijing,China,Operated,1980,2004,Steel,Extreme,Sit Down,3300.5,,,,2,,
6805,Flying Coaster,Bolliger & Mabillard,Monthey,Valais,Switzerland,In Production,,,,,,,,,,,,
6806,Space Mouse,Paradise Lake,Wills Township,Ohio,United States,Operated,,,Steel,Thrill,Sit Down,,,,,0,,
6807,Gusanito,San Juan de Miraflores,Lima,Lima Province,Peru,Operating,2010,,Steel,Kiddie,Sit Down,,,,,0,,
6809,Tornado / Торнадо,Tuapse Park,Tuapse,Krasnodar,Russia,Operating,2007,,Steel,Family,Sit Down,,,,,0,,
6810,unknown,Paradise Lake,Wills Township,Ohio,United States,Operated,,,Steel,Kiddie,Sit Down,,,,,0,,
6813,Outer Space Flying Car / 太空飞车,Chang'an,Dongguan,Guangdong,China,Operated,2003,2013,Steel,Family,Sit Down,,,,,0,,
6815,unknown,Dongchangfu,Liaocheng,Shandong,China,Operated,,,Steel,Thrill,Sit Down,,,,,0,,
6817,Hot Wheels Nitro,Imagicaa,Khopoli,Maharashtra,India,Operating,2013-10,,Steel,Extreme,Sit Down,2800,132,,65.2,5,,2:30
6820,unknown,Gorodok Park,Donetsk,Donetsk,Ukraine,Operated,,,Steel,Thrill,Sit Down,,,,,0,,
6821,Worm Around / 果虫滑车,Fantawild Adventure,Shantou,Guangdong,China,Operating,2010-01-28,,Steel,Kiddie,Sit Down,,,,,0,,
6822,Mine Train Coaster / 矿山车,Zhangjiagang,Suzhou,Jiangsu,China,Operating,2012-06-01,,Steel,,Sit Down,,,,,0,,
6823,Outer Space Flying Car / 太空飞车,Baiyun,Guangzhou,Guangdong,China,Operating,2013,,Steel,Family,Sit Down,,,,,0,,
6825,Dragon Coaster,Atlantic Beach Park,Westerly,Rhode Island,United States,Operated,2012,2017,Steel,Family,Sit Down,,,,,0,,
6826,unknown,Weidu,Xuchang,Henan,China,Operating,2013,,Steel,Family,Sit Down,,,,,0,,
6854,Rutschebanen,Tivoli Gardens,Copenhagen,Sjælland,Denmark,Operated,1887,1902,Wood,,Sit Down,,,,,0,,
6980,Taxi,Zahroor Park,Ezzahra,Ben Arous,Tunisia,Operating,2006,,Steel,Kiddie,Sit Down,,,,,0,,
6987,Montaña Rusa,Smir Park,M'diq,Tanger-Tetouan-Al Hoceima,Morocco,Operating,2003,,Steel,Thrill,Sit Down,,,,,0,,
6990,Speed Cars,Star Park,Istanbul,Istanbul,Turkey,Operating,2012,,Steel,Kiddie,Sit Down,,,,,0,,
7003,Wildcat,Washington State Fair,Puyallup,Washington,United States,Under Construction,,,Steel,Thrill,Sit Down,,,,,0,,
